forecast_src,1CP_hourly_brier,1CP_hourly_prec@0.5,1CP_hourly_rec@0.5,1CP_hourly_f1@0.5,1CP_hourly_auc,Top5_hourly_brier,Top5_hourly_prec@0.5,Top5_hourly_rec@0.5,Top5_hourly_f1@0.5,Top5_hourly_auc,4CP_hourly_brier,4CP_hourly_prec@0.5,4CP_hourly_rec@0.5,4CP_hourly_f1@0.5,4CP_hourly_auc,4CP_daily_brier,4CP_daily_prec@0.5,4CP_daily_rec@0.5,4CP_daily_f1@0.5,4CP_daily_auc,cnt_RED_4CP_hourly,cnt_ORANGE_4CP_hourly,cnt_YELLOW_4CP_hourly,cnt_GREEN_4CP_hourly,cnt_RED_4CP_daily,cnt_ORANGE_4CP_daily,cnt_YELLOW_4CP_daily,cnt_GREEN_4CP_daily
ECA,0.027097759297520663,1.0,0.1111111111111111,0.2,0.9496900333810205,0.03012653305785124,1.0,0.16666666666666666,0.2857142857142857,0.9596014492753624,0.07730217055084747,0.9166666666666666,0.3142857142857143,0.46808510638297873,0.9265813788201849,0.12209677122641509,0.7142857142857143,0.4716981132075472,0.5681818181818182,0.8531505873976504,9,2,3,222,17,11,19,165
RTO,0.00978320867768595,0.6666666666666666,0.8888888888888888,0.7619047619047619,0.9976156413924654,0.01847009814049587,0.7333333333333333,0.9166666666666666,0.8148148148148148,0.992391304347826,0.03799929661016949,0.8157894736842105,0.8857142857142857,0.8493150684931506,0.9852878464818764,0.055428786556603764,0.8545454545454545,0.8867924528301887,0.8703703703703703,0.9746054349115937,32,4,5,195,45,8,4,155
TESLA,0.00978320867768595,0.6666666666666666,0.8888888888888888,0.7619047619047619,0.9976156413924654,0.01847009814049587,0.7333333333333333,0.9166666666666666,0.8148148148148148,0.992391304347826,0.03799929661016949,0.8157894736842105,0.8857142857142857,0.8493150684931506,0.9852878464818764,0.055428786556603764,0.8545454545454545,0.8867924528301887,0.8703703703703703,0.9746054349115937,32,4,5,195,45,8,4,155
